year,province,male,female
2009,Adana,19545,18154
2009,Adıyaman,6808,6607
2009,Afyonkarahisar,6132,5695
2009,Aksaray,3973,3643
2009,Amasya,2237,2114
2009,Ankara,35365,32977
2009,Antalya,15719,14928
2009,Ardahan,969,938
2009,Artvin,1031,1026
2009,Aydın,6683,6288
2009,Ağrı,8624,8151
2009,Balıkesir,6510,6025
2009,Bartın,1248,1186
2009,Batman,6958,6728
2009,Bayburt,693,668
2009,Bilecik,1334,1272
2009,Bingöl,2832,2751
2009,Bitlis,4857,4538
2009,Bolu,1751,1702
2009,Burdur,1588,1488
2009,Bursa,20080,18878
2009,Denizli,6716,6450
2009,Diyarbakır,20230,19168
2009,Düzce,2612,2446
2009,Edirne,2108,2002
2009,Elazığ,4908,4582
2009,Erzincan,1568,1455
2009,Erzurum,8321,7832
2009,Eskişehir,4527,4303
2009,Gaziantep,22060,20884
2009,Giresun,2699,2562
2009,Gümüşhane,1060,1008
2009,Hakkari,3200,3070
2009,Hatay,15660,14686
2009,Isparta,2997,2757
2009,Iğdır,2286,2127
2009,Kahramanmaraş,11939,11304
2009,Karabük,1394,1319
2009,Karaman,2027,1979
2009,Kars,3688,3458
2009,Kastamonu,2267,2206
2009,Kayseri,11567,10609
2009,Kilis,1409,1406
2009,Kocaeli,13334,12542
2009,Konya,18190,17196
2009,Kütahya,3735,3453
2009,Kırklareli,1740,1643
2009,Kırıkkale,1987,1890
2009,Kırşehir,1524,1476
2009,Malatya,6562,6169
2009,Manisa,9665,9064
2009,Mardin,10120,9885
2009,Mersin,13997,13122
2009,Muğla,5599,5144
2009,Muş,6241,5810
2009,Nevşehir,2381,2326
2009,Niğde,3449,3211
2009,Ordu,5394,5070
2009,Osmaniye,4904,4718
2009,Rize,2379,2147
2009,Sakarya,6804,6526
2009,Samsun,9592,9013
2009,Siirt,4626,4343
2009,Sinop,1356,1296
2009,Sivas,5384,5163
2009,Tekirdağ,5787,5368
2009,Tokat,4828,4573
2009,Trabzon,5706,5483
2009,Tunceli,477,473
2009,Uşak,2342,2123
2009,Van,15457,14885
2009,Yalova,1421,1396
2009,Yozgat,4455,4136
2009,Zonguldak,4490,4349
2009,Çanakkale,2627,2590
2009,Çankırı,1331,1201
2009,Çorum,4070,3902
2009,İstanbul,107974,102467
2009,İzmir,26267,24571
2009,Şanlıurfa,28017,26403
2009,Şırnak,7040,6822
2010,Adana,19177,18042
2010,Adıyaman,7037,6495
2010,Afyonkarahisar,5868,5555
2010,Aksaray,3675,3712
2010,Amasya,2154,2043
2010,Ankara,35038,33233
2010,Antalya,15980,14694
2010,Ardahan,920,846
2010,Artvin,1052,954
2010,Aydın,6513,6290
2010,Ağrı,8945,8629
2010,Balıkesir,6642,6073
2010,Bartın,1232,1177
2010,Batman,7075,6828
2010,Bayburt,676,634
2010,Bilecik,1312,1232
2010,Bingöl,2798,2811
2010,Bitlis,4814,4447
2010,Bolu,1748,1630
2010,Burdur,1590,1440
2010,Bursa,20244,18985
2010,Denizli,6471,6104
2010,Diyarbakır,20501,19706
2010,Düzce,2534,2445
2010,Edirne,2069,1910
2010,Elazığ,4745,4508
2010,Erzincan,1581,1453
2010,Erzurum,8264,7715
2010,Eskişehir,4497,4260
2010,Gaziantep,21815,20843
2010,Giresun,2638,2541
2010,Gümüşhane,930,901
2010,Hakkari,3129,2953
2010,Hatay,15236,14645
2010,Isparta,2729,2659
2010,Iğdır,2283,2273
2010,Kahramanmaraş,11684,11270
2010,Karabük,1280,1277
2010,Karaman,1864,1762
2010,Kars,3759,3600
2010,Kastamonu,2243,2107
2010,Kayseri,11236,10451
2010,Kilis,1520,1391
2010,Kocaeli,13160,12704
2010,Konya,18117,16907
2010,Kütahya,3687,3590
2010,Kırklareli,1725,1658
2010,Kırıkkale,1874,1798
2010,Kırşehir,1464,1429
2010,Malatya,6455,6020
2010,Manisa,9590,8870
2010,Mardin,10388,9851
2010,Mersin,13871,13420
2010,Muğla,5549,5235
2010,Muş,6338,5861
2010,Nevşehir,2283,2119
2010,Niğde,3183,3062
2010,Ordu,5166,4891
2010,Osmaniye,4970,4716
2010,Rize,2231,2129
2010,Sakarya,6800,6235
2010,Samsun,9237,8661
2010,Siirt,4521,4397
2010,Sinop,1308,1204
2010,Sivas,5259,4923
2010,Tekirdağ,5745,5481
2010,Tokat,4724,4329
2010,Trabzon,5656,5183
2010,Tunceli,451,423
2010,Uşak,2300,2187
2010,Van,15439,14863
2010,Yalova,1366,1234
2010,Yozgat,4048,3700
2010,Zonguldak,4302,4017
2010,Çanakkale,2521,2460
2010,Çankırı,1287,1175
2010,Çorum,3950,3686
2010,İstanbul,109846,103975
2010,İzmir,25793,24510
2010,Şanlıurfa,28673,27334
2010,Şırnak,7084,6549
2011,Adana,18876,18010
2011,Adıyaman,6855,6549
2011,Afyonkarahisar,5762,5398
2011,Aksaray,3683,3579
2011,Amasya,2111,1930
2011,Ankara,35596,33666
2011,Antalya,15836,15121
2011,Ardahan,874,877
2011,Artvin,980,957
2011,Aydın,6500,6132
2011,Ağrı,8733,8325
2011,Balıkesir,6493,6202
2011,Bartın,1206,1069
2011,Batman,7022,6747
2011,Bayburt,640,572
2011,Bilecik,1255,1224
2011,Bingöl,2890,2662
2011,Bitlis,4651,4341
2011,Bolu,1834,1687
2011,Burdur,1487,1427
2011,Bursa,19931,18857
2011,Denizli,6517,6234
2011,Diyarbakır,20995,19885
2011,Düzce,2542,2457
2011,Edirne,2170,1942
2011,Elazığ,4752,4463
2011,Erzincan,1601,1578
2011,Erzurum,8308,7779
2011,Eskişehir,4589,4222
2011,Gaziantep,22046,21227
2011,Giresun,2477,2359
2011,Gümüşhane,972,849
2011,Hakkari,3171,3101
2011,Hatay,15076,14323
2011,Isparta,2744,2524
2011,Iğdır,2392,2148
2011,Kahramanmaraş,11660,10942
2011,Karabük,1325,1229
2011,Karaman,1887,1739
2011,Kars,3558,3394
2011,Kastamonu,2088,2071
2011,Kayseri,11320,10797
2011,Kilis,1424,1324
2011,Kocaeli,13288,12482
2011,Konya,17938,17200
2011,Kütahya,3508,3336
2011,Kırklareli,1722,1537
2011,Kırıkkale,1734,1627
2011,Kırşehir,1407,1418
2011,Malatya,6196,5994
2011,Manisa,9558,8901
2011,Mardin,10228,9661
2011,Mersin,13787,12988
2011,Muğla,5484,5177
2011,Muş,5922,5774
2011,Nevşehir,2247,2033
2011,Niğde,3010,2975
2011,Ordu,4888,4611
2011,Osmaniye,4693,4323
2011,Rize,2207,2082
2011,Sakarya,6536,6236
2011,Samsun,8922,8322
2011,Siirt,4425,4319
2011,Sinop,1247,1189
2011,Sivas,5076,4785
2011,Tekirdağ,5950,5813
2011,Tokat,4355,3992
2011,Trabzon,5434,5020
2011,Tunceli,488,413
2011,Uşak,2296,2067
2011,Van,15014,14512
2011,Yalova,1347,1217
2011,Yozgat,3796,3502
2011,Zonguldak,4045,3736
2011,Çanakkale,2696,2533
2011,Çankırı,1192,1164
2011,Çorum,3769,3549
2011,İstanbul,109886,103555
2011,İzmir,26019,24944
2011,Şanlıurfa,29363,27803
2011,Şırnak,7042,6559
2012,Adana,19507,18674
2012,Adıyaman,6884,6531
2012,Afyonkarahisar,5773,5428
2012,Aksaray,3611,3434
2012,Amasya,2084,1965
2012,Ankara,36544,35052
2012,Antalya,17151,15867
2012,Ardahan,870,820
2012,Artvin,1025,1037
2012,Aydın,6995,6549
2012,Ağrı,8849,8274
2012,Balıkesir,6750,6188
2012,Bartın,1098,987
2012,Batman,7218,6862
2012,Bayburt,660,627
2012,Bilecik,1313,1356
2012,Bingöl,2834,2731
2012,Bitlis,4598,4417
2012,Bolu,1725,1682
2012,Burdur,1528,1361
2012,Bursa,21311,20058
2012,Denizli,6724,6307
2012,Diyarbakır,21540,20577
2012,Düzce,2565,2391
2012,Edirne,2202,2069
2012,Elazığ,4701,4402
2012,Erzincan,1612,1520
2012,Erzurum,8320,7725
2012,Eskişehir,4848,4458
2012,Gaziantep,23309,22331
2012,Giresun,2411,2385
2012,Gümüşhane,917,887
2012,Hakkari,3206,2932
2012,Hatay,15884,14612
2012,Isparta,2751,2628
2012,Iğdır,2307,2208
2012,Kahramanmaraş,11496,10995
2012,Karabük,1202,1223
2012,Karaman,1882,1811
2012,Kars,3635,3354
2012,Kastamonu,2196,2026
2012,Kayseri,11564,10814
2012,Kilis,1401,1443
2012,Kocaeli,13947,13387
2012,Konya,18501,17489
2012,Kütahya,3601,3350
2012,Kırklareli,1802,1688
2012,Kırıkkale,1670,1590
2012,Kırşehir,1452,1415
2012,Malatya,6410,5807
2012,Manisa,9772,9202
2012,Mardin,10774,10172
2012,Mersin,14449,13690
2012,Muğla,5793,5383
2012,Muş,5964,5881
2012,Nevşehir,2176,2132
2012,Niğde,3100,2979
2012,Ordu,4917,4600
2012,Osmaniye,4823,4569
2012,Rize,2094,2121
2012,Sakarya,6873,6547
2012,Samsun,8927,8642
2012,Siirt,4415,4311
2012,Sinop,1251,1223
2012,Sivas,5084,4656
2012,Tekirdağ,6364,6034
2012,Tokat,4103,3956
2012,Trabzon,5182,5198
2012,Tunceli,468,450
2012,Uşak,2353,2218
2012,Van,14976,14241
2012,Yalova,1397,1345
2012,Yozgat,3644,3313
2012,Zonguldak,3897,3812
2012,Çanakkale,2749,2671
2012,Çankırı,1173,1123
2012,Çorum,3868,3621
2012,İstanbul,116480,110114
2012,İzmir,27614,26357
2012,Şanlıurfa,30127,29110
2012,Şırnak,7180,6839
2013,Adana,19870,18828
2013,Adıyaman,6729,6342
2013,Afyonkarahisar,5683,5227
2013,Aksaray,3554,3411
2013,Amasya,2103,1930
2013,Ankara,37513,35463
2013,Antalya,17119,16091
2013,Ardahan,859,737
2013,Artvin,1045,976
2013,Aydın,6867,6352
2013,Ağrı,8586,8071
2013,Balıkesir,6717,6382
2013,Bartın,1088,1071
2013,Batman,7338,6858
2013,Bayburt,616,597
2013,Bilecik,1348,1358
2013,Bingöl,2916,2678
2013,Bitlis,4597,4378
2013,Bolu,1785,1729
2013,Burdur,1522,1435
2013,Bursa,21293,20032
2013,Denizli,6849,6289
2013,Diyarbakır,21414,20315
2013,Düzce,2662,2482
2013,Edirne,2157,2039
2013,Elazığ,4537,4336
2013,Erzincan,1635,1578
2013,Erzurum,8021,7671
2013,Eskişehir,4814,4623
2013,Gaziantep,23958,22736
2013,Giresun,2427,2269
2013,Gümüşhane,922,955
2013,Hakkari,3262,3105
2013,Hatay,15526,14721
2013,Isparta,2756,2565
2013,Iğdır,2470,2245
2013,Kahramanmaraş,11870,11048
2013,Karabük,1299,1221
2013,Karaman,1983,1837
2013,Kars,3377,3142
2013,Kastamonu,2138,2039
2013,Kayseri,11574,10907
2013,Kilis,1505,1362
2013,Kocaeli,14207,13314
2013,Konya,18354,17443
2013,Kütahya,3461,3349
2013,Kırklareli,1808,1667
2013,Kırıkkale,1745,1575
2013,Kırşehir,1527,1367
2013,Malatya,6062,5871
2013,Manisa,9930,9263
2013,Mardin,10528,9911
2013,Mersin,14353,13608
2013,Muğla,5630,5388
2013,Muş,5821,5737
2013,Nevşehir,2170,2056
2013,Niğde,3037,2862
2013,Ordu,4842,4587
2013,Osmaniye,4868,4506
2013,Rize,2240,2106
2013,Sakarya,6836,6539
2013,Samsun,8899,8516
2013,Siirt,4380,4084
2013,Sinop,1168,1174
2013,Sivas,4810,4549
2013,Tekirdağ,6578,6173
2013,Tokat,4134,3868
2013,Trabzon,5145,5044
2013,Tunceli,488,465
2013,Uşak,2467,2168
2013,Van,15759,14951
2013,Yalova,1381,1358
2013,Yozgat,3274,3251
2013,Zonguldak,3775,3548
2013,Çanakkale,2740,2545
2013,Çankırı,1148,1141
2013,Çorum,3685,3424
2013,İstanbul,118139,111251
2013,İzmir,27071,26305
2013,Şanlıurfa,30736,29195
2013,Şırnak,7458,6957
2014,Adana,20468,19485
2014,Adıyaman,7017,6664
2014,Afyonkarahisar,5771,5606
2014,Aksaray,3632,3439
2014,Amasya,2063,1848
2014,Ankara,39227,37432
2014,Antalya,17915,16893
2014,Ardahan,841,793
2014,Artvin,1052,1018
2014,Aydın,7022,6610
2014,Ağrı,8562,8260
2014,Balıkesir,6992,6473
2014,Bartın,1185,1115
2014,Batman,7538,7370
2014,Bayburt,645,627
2014,Bilecik,1429,1311
2014,Bingöl,3039,2892
2014,Bitlis,4737,4411
2014,Bolu,1845,1698
2014,Burdur,1609,1517
2014,Bursa,22001,20682
2014,Denizli,7191,6774
2014,Diyarbakır,22593,21666
2014,Düzce,2658,2565
2014,Edirne,2072,1994
2014,Elazığ,4832,4468
2014,Erzincan,1615,1504
2014,Erzurum,8198,7784
2014,Eskişehir,5129,4897
2014,Gaziantep,25268,24039
2014,Giresun,2438,2277
2014,Gümüşhane,981,976
2014,Hakkari,3302,3211
2014,Hatay,16645,15675
2014,Isparta,2787,2590
2014,Iğdır,2444,2274
2014,Kahramanmaraş,11819,11071
2014,Karabük,1331,1146
2014,Karaman,1950,1771
2014,Kars,3359,3090
2014,Kastamonu,2000,1931
2014,Kayseri,12089,11417
2014,Kilis,1598,1502
2014,Kocaeli,15456,14423
2014,Konya,19137,17888
2014,Kütahya,3501,3480
2014,Kırklareli,1885,1841
2014,Kırıkkale,1698,1647
2014,Kırşehir,1501,1493
2014,Malatya,6314,6014
2014,Manisa,10101,9471
2014,Mardin,11318,10732
2014,Mersin,15102,14022
2014,Muğla,5771,5524
2014,Muş,6127,5897
2014,Nevşehir,2389,2085
2014,Niğde,3121,2917
2014,Ordu,4819,4567
2014,Osmaniye,4959,4715
2014,Rize,2187,2088
2014,Sakarya,7153,6868
2014,Samsun,9045,8514
2014,Siirt,4647,4447
2014,Sinop,1211,1169
2014,Sivas,4717,4715
2014,Tekirdağ,6816,6576
2014,Tokat,4090,3692
2014,Trabzon,5352,5062
2014,Tunceli,535,493
2014,Uşak,2424,2286
2014,Van,15706,15049
2014,Yalova,1491,1509
2014,Yozgat,3340,3246
2014,Zonguldak,3584,3539
2014,Çanakkale,2868,2621
2014,Çankırı,1204,1154
2014,Çorum,3704,3574
2014,İstanbul,124494,117903
2014,İzmir,28792,27114
2014,Şanlıurfa,32630,30765
2014,Şırnak,7850,7294
2015,Adana,20232,19235
2015,Adıyaman,6856,6557
2015,Afyonkarahisar,5774,5410
2015,Aksaray,3539,3323
2015,Amasya,2058,1901
2015,Ankara,39576,37792
2015,Antalya,18445,17462
2015,Ardahan,756,784
2015,Artvin,990,997
2015,Aydın,7064,6756
2015,Ağrı,8260,7727
2015,Balıkesir,6625,6289
2015,Bartın,1098,1031
2015,Batman,7490,7039
2015,Bayburt,655,580
2015,Bilecik,1359,1297
2015,Bingöl,2829,2657
2015,Bitlis,4723,4315
2015,Bolu,1772,1661
2015,Burdur,1602,1462
2015,Bursa,22159,21108
2015,Denizli,7059,6857
2015,Diyarbakır,22379,21203
2015,Düzce,2652,2467
2015,Edirne,2154,2099
2015,Elazığ,4610,4386
2015,Erzincan,1566,1526
2015,Erzurum,7878,7387
2015,Eskişehir,5131,4873
2015,Gaziantep,24819,23996
2015,Giresun,2385,2238
2015,Gümüşhane,939,949
2015,Hakkari,3098,2889
2015,Hatay,16056,15356
2015,Isparta,2704,2528
2015,Iğdır,2341,2191
2015,Kahramanmaraş,11275,10701
2015,Karabük,1288,1218
2015,Karaman,2001,1853
2015,Kars,3113,2956
2015,Kastamonu,2032,1995
2015,Kayseri,11796,11269
2015,Kilis,1566,1439
2015,Kocaeli,15954,14947
2015,Konya,18744,17728
2015,Kütahya,3573,3346
2015,Kırklareli,1935,1780
2015,Kırıkkale,1727,1613
2015,Kırşehir,1496,1434
2015,Malatya,6163,5843
2015,Manisa,10031,9404
2015,Mardin,11094,10583
2015,Mersin,14682,13833
2015,Muğla,5880,5533
2015,Muş,5800,5459
2015,Nevşehir,2131,2048
2015,Niğde,2940,2738
2015,Ordu,4640,4347
2015,Osmaniye,4756,4545
2015,Rize,2142,2064
2015,Sakarya,7344,6898
2015,Samsun,8915,8312
2015,Siirt,4376,4196
2015,Sinop,1159,1103
2015,Sivas,4764,4461
2015,Tekirdağ,7249,6890
2015,Tokat,3742,3558
2015,Trabzon,5282,5171
2015,Tunceli,561,517
2015,Uşak,2370,2184
2015,Van,15351,14481
2015,Yalova,1542,1471
2015,Yozgat,3235,3055
2015,Zonguldak,3396,3357
2015,Çanakkale,2806,2564
2015,Çankırı,1115,1055
2015,Çorum,3438,3224
2015,İstanbul,124641,118247
2015,İzmir,28600,27346
2015,Şanlıurfa,32017,30728
2015,Şırnak,7503,7288
2016,Adana,19470,18703
2016,Adıyaman,6640,6318
2016,Afyonkarahisar,5536,5240
2016,Aksaray,3492,3263
2016,Amasya,1944,1792
2016,Ankara,39276,37112
2016,Antalya,18330,17250
2016,Ardahan,685,722
2016,Artvin,1031,966
2016,Aydın,7084,6618
2016,Ağrı,7941,7649
2016,Balıkesir,6591,6339
2016,Bartın,1121,944
2016,Batman,7203,7030
2016,Bayburt,620,591
2016,Bilecik,1374,1326
2016,Bingöl,2864,2651
2016,Bitlis,4558,4240
2016,Bolu,1806,1686
2016,Burdur,1481,1474
2016,Bursa,22064,21099
2016,Denizli,6999,6561
2016,Diyarbakır,22121,20821
2016,Düzce,2782,2535
2016,Edirne,2123,1953
2016,Elazığ,4548,4291
2016,Erzincan,1651,1566
2016,Erzurum,7667,7236
2016,Eskişehir,5115,4830
2016,Gaziantep,24210,23277
2016,Giresun,2323,2133
2016,Gümüşhane,1038,921
2016,Hakkari,2874,2768
2016,Hatay,15971,14810
2016,Isparta,2685,2506
2016,Iğdır,2268,2160
2016,Kahramanmaraş,11234,10426
2016,Karabük,1191,1174
2016,Karaman,1959,1880
2016,Kars,3017,2836
2016,Kastamonu,2116,1828
2016,Kayseri,11524,10988
2016,Kilis,1484,1399
2016,Kocaeli,15913,15275
2016,Konya,18569,17660
2016,Kütahya,3350,3229
2016,Kırklareli,1856,1730
2016,Kırıkkale,1708,1591
2016,Kırşehir,1511,1403
2016,Malatya,6074,5678
2016,Manisa,9799,9426
2016,Mardin,10561,10056
2016,Mersin,14461,13697
2016,Muğla,5768,5534
2016,Muş,5484,5468
2016,Nevşehir,2141,2003
2016,Niğde,2933,2811
2016,Ordu,4636,4451
2016,Osmaniye,4729,4334
2016,Rize,2180,1995
2016,Sakarya,7358,7146
2016,Samsun,8648,8353
2016,Siirt,4405,4001
2016,Sinop,1138,1094
2016,Sivas,4744,4329
2016,Tekirdağ,7412,7051
2016,Tokat,3696,3426
2016,Trabzon,5313,5105
2016,Tunceli,497,479
2016,Uşak,2193,2216
2016,Van,14790,14034
2016,Yalova,1673,1603
2016,Yozgat,3034,2906
2016,Zonguldak,3248,3131
2016,Çanakkale,2793,2647
2016,Çankırı,1178,1056
2016,Çorum,3425,3219
2016,İstanbul,122967,117060
2016,İzmir,28065,26558
2016,Şanlıurfa,32766,30724
2016,Şırnak,6527,6259
2017,Adana,19090,18275
2017,Adıyaman,6809,6247
2017,Afyonkarahisar,5334,5183
2017,Aksaray,3436,3350
2017,Amasya,1987,1817
2017,Ankara,38814,37088
2017,Antalya,17346,16414
2017,Ardahan,750,665
2017,Artvin,966,951
2017,Aydın,7242,6862
2017,Ağrı,7719,7433
2017,Balıkesir,6686,6212
2017,Bartın,974,953
2017,Batman,7368,7085
2017,Bayburt,538,607
2017,Bilecik,1339,1312
2017,Bingöl,2807,2679
2017,Bitlis,4499,4253
2017,Bolu,1763,1675
2017,Burdur,1464,1343
2017,Bursa,22156,20651
2017,Denizli,6977,6504
2017,Diyarbakır,22464,21098
2017,Düzce,2660,2613
2017,Edirne,2030,1950
2017,Elazığ,4539,4237
2017,Erzincan,1578,1417
2017,Erzurum,7414,7240
2017,Eskişehir,5236,4858
2017,Gaziantep,23681,22635
2017,Giresun,2279,2198
2017,Gümüşhane,887,921
2017,Hakkari,2883,2764
2017,Hatay,15272,14545
2017,Isparta,2809,2543
2017,Iğdır,2158,2062
2017,Kahramanmaraş,10887,10362
2017,Karabük,1323,1163
2017,Karaman,1887,1898
2017,Kars,2933,2748
2017,Kastamonu,1935,1778
2017,Kayseri,10940,10579
2017,Kilis,1499,1400
2017,Kocaeli,16167,15153
2017,Konya,18279,17113
2017,Kütahya,3258,3197
2017,Kırklareli,1881,1830
2017,Kırıkkale,1727,1601
2017,Kırşehir,1445,1460
2017,Malatya,6073,5696
2017,Manisa,9628,9168
2017,Mardin,10736,10209
2017,Mersin,14034,13431
2017,Muğla,5757,5365
2017,Muş,5717,5373
2017,Nevşehir,2045,2017
2017,Niğde,2801,2669
2017,Ordu,4601,4393
2017,Osmaniye,4643,4357
2017,Rize,2100,1961
2017,Sakarya,7468,7150
2017,Samsun,8670,8224
2017,Siirt,4209,4091
2017,Sinop,1181,1070
2017,Sivas,4672,4282
2017,Tekirdağ,7600,7229
2017,Tokat,3524,3439
2017,Trabzon,5267,5032
2017,Tunceli,487,444
2017,Uşak,2375,2123
2017,Van,14756,13926
2017,Yalova,1691,1570
2017,Yozgat,3028,2881
2017,Zonguldak,3161,3034
2017,Çanakkale,2820,2695
2017,Çankırı,1070,1116
2017,Çorum,3317,3043
2017,İstanbul,119857,113363
2017,İzmir,27809,26086
2017,Şanlıurfa,33234,31513
2017,Şırnak,7104,6836
2020,Adana,15818,15074
2020,Adıyaman,5683,5373
2020,Afyonkarahisar,4788,4492
2020,Aksaray,3161,2998
2020,Amasya,1648,1561
2020,Ankara,32791,30990
2020,Antalya,15097,14424
2020,Ardahan,624,565
2020,Artvin,933,823
2020,Aydın,6129,5758
2020,Ağrı,6309,6063
2020,Balıkesir,5920,5524
2020,Bartın,927,885
2020,Batman,6673,6279
2020,Bayburt,496,522
2020,Bilecik,1241,1100
2020,Bingöl,2556,2425
2020,Bitlis,3928,3764
2020,Bolu,1501,1556
2020,Burdur,1286,1206
2020,Bursa,19662,18519
2020,Denizli,5824,5629
2020,Diyarbakır,18962,18038
2020,Düzce,2417,2355
2020,Edirne,1887,1723
2020,Elazığ,3943,3651
2020,Erzincan,1354,1284
2020,Erzurum,6217,5835
2020,Eskişehir,4516,4281
2020,Gaziantep,20565,19779
2020,Giresun,2081,1946
2020,Gümüşhane,802,815
2020,Hakkari,2664,2453
2020,Hatay,13230,12797
2020,Isparta,2316,2156
2020,Iğdır,1828,1753
2020,Kahramanmaraş,9233,8772
2020,Karabük,1104,1082
2020,Karaman,1713,1591
2020,Kars,2482,2249
2020,Kastamonu,1734,1618
2020,Kayseri,9274,8808
2020,Kilis,1357,1341
2020,Kocaeli,13979,13015
2020,Konya,15888,15251
2020,Kütahya,2869,2760
2020,Kırklareli,1757,1588
2020,Kırıkkale,1460,1339
2020,Kırşehir,1331,1274
2020,Malatya,5059,4641
2020,Manisa,8646,8257
2020,Mardin,9781,9207
2020,Mersin,12064,11484
2020,Muğla,5127,4882
2020,Muş,4870,4527
2020,Nevşehir,1939,1710
2020,Niğde,2356,2307
2020,Ordu,4039,3685
2020,Osmaniye,3924,3764
2020,Rize,1874,1810
2020,Sakarya,6727,6286
2020,Samsun,7473,7010
2020,Siirt,3862,3776
2020,Sinop,1064,1022
2020,Sivas,3908,3678
2020,Tekirdağ,6799,6420
2020,Tokat,3076,2959
2020,Trabzon,4622,4270
2020,Tunceli,479,451
2020,Uşak,1950,1846
2020,Van,12542,12103
2020,Yalova,1468,1397
2020,Yozgat,2482,2374
2020,Zonguldak,2565,2472
2020,Çanakkale,2569,2357
2020,Çankırı,1075,1047
2020,Çorum,2848,2625
2020,İstanbul,98664,94006
2020,İzmir,22911,21753
2020,Şanlıurfa,30556,28936
2020,Şırnak,6812,6740
2021,Adana,15509,14461
2021,Adıyaman,5608,5407
2021,Afyonkarahisar,4616,4305
2021,Aksaray,3074,2928
2021,Amasya,1620,1523
2021,Ankara,30932,29246
2021,Antalya,14757,13783
2021,Ardahan,602,615
2021,Artvin,784,752
2021,Aydın,5982,5671
2021,Ağrı,6026,5591
2021,Balıkesir,5599,5268
2021,Bartın,821,822
2021,Batman,6713,6492
2021,Bayburt,510,481
2021,Bilecik,1242,1050
2021,Bingöl,2425,2259
2021,Bitlis,3904,3735
2021,Bolu,1578,1479
2021,Burdur,1242,1195
2021,Bursa,18817,17783
2021,Denizli,5601,5413
2021,Diyarbakır,19055,18168
2021,Düzce,2264,2199
2021,Edirne,1818,1692
2021,Elazığ,3567,3434
2021,Erzincan,1441,1326
2021,Erzurum,5916,5620
2021,Eskişehir,4499,4238
2021,Gaziantep,20996,19969
2021,Giresun,1980,1842
2021,Gümüşhane,755,718
2021,Hakkari,2508,2383
2021,Hatay,13149,12372
2021,Isparta,2180,2208
2021,Iğdır,1771,1727
2021,Kahramanmaraş,8710,8347
2021,Karabük,1141,1121
2021,Karaman,1594,1517
2021,Kars,2274,2127
2021,Kastamonu,1627,1634
2021,Kayseri,9038,8458
2021,Kilis,1391,1319
2021,Kocaeli,13593,12953
2021,Konya,15572,15037
2021,Kütahya,2631,2506
2021,Kırklareli,1619,1476
2021,Kırıkkale,1349,1304
2021,Kırşehir,1244,1195
2021,Malatya,4783,4715
2021,Manisa,8411,7981
2021,Mardin,9921,9585
2021,Mersin,11918,11113
2021,Muğla,4990,4653
2021,Muş,4699,4473
2021,Nevşehir,1858,1717
2021,Niğde,2267,2234
2021,Ordu,3659,3462
2021,Osmaniye,3724,3618
2021,Rize,1824,1768
2021,Sakarya,6664,6401
2021,Samsun,7139,6641
2021,Siirt,3734,3511
2021,Sinop,967,986
2021,Sivas,3624,3525
2021,Tekirdağ,6550,6369
2021,Tokat,2996,2774
2021,Trabzon,4559,4133
2021,Tunceli,466,420
2021,Uşak,1839,1741
2021,Van,11653,11022
2021,Yalova,1512,1414
2021,Yozgat,2351,2179
2021,Zonguldak,2423,2328
2021,Çanakkale,2421,2273
2021,Çankırı,1134,1019
2021,Çorum,2659,2558
2021,İstanbul,92752,88255
2021,İzmir,22373,20964
2021,Şanlıurfa,31982,30228
2021,Şırnak,7021,6822
2022,Adana,15337,14326
2022,Adıyaman,5300,5086
2022,Afyonkarahisar,4430,4226
2022,Aksaray,3106,2838
2022,Amasya,1518,1472
2022,Ankara,29788,28195
2022,Antalya,14076,13080
2022,Ardahan,542,527
2022,Artvin,794,728
2022,Aydın,5815,5513
2022,Ağrı,5318,5134
2022,Balıkesir,5536,5350
2022,Bartın,874,780
2022,Batman,6349,6099
2022,Bayburt,479,417
2022,Bilecik,1107,1142
2022,Bingöl,2195,2038
2022,Bitlis,3695,3474
2022,Bolu,1545,1414
2022,Burdur,1277,1192
2022,Bursa,17961,16878
2022,Denizli,5553,5302
2022,Diyarbakır,18207,17287
2022,Düzce,2255,2159
2022,Edirne,1798,1747
2022,Elazığ,3367,3240
2022,Erzincan,1284,1197
2022,Erzurum,5542,5026
2022,Eskişehir,4299,4117
2022,Gaziantep,20688,19157
2022,Giresun,1894,1860
2022,Gümüşhane,715,709
2022,Hakkari,2478,2345
2022,Hatay,12373,11963
2022,Isparta,2178,2094
2022,Iğdır,1601,1571
2022,Kahramanmaraş,8428,8128
2022,Karabük,1071,1026
2022,Karaman,1618,1427
2022,Kars,2089,1996
2022,Kastamonu,1684,1577
2022,Kayseri,8759,8225
2022,Kilis,1409,1279
2022,Kocaeli,13060,12514
2022,Konya,15397,14612
2022,Kütahya,2565,2416
2022,Kırklareli,1688,1468
2022,Kırıkkale,1316,1201
2022,Kırşehir,1249,1151
2022,Malatya,4661,4500
2022,Manisa,8245,7777
2022,Mardin,9392,9046
2022,Mersin,11565,11035
2022,Muğla,4754,4502
2022,Muş,4264,4004
2022,Nevşehir,1839,1646
2022,Niğde,2300,2160
2022,Ordu,3659,3427
2022,Osmaniye,3946,3641
2022,Rize,1634,1646
2022,Sakarya,6352,5891
2022,Samsun,6825,6421
2022,Siirt,3445,3304
2022,Sinop,991,877
2022,Sivas,3334,3356
2022,Tekirdağ,6590,6118
2022,Tokat,2927,2680
2022,Trabzon,4121,3968
2022,Tunceli,428,400
2022,Uşak,1882,1757
2022,Van,11231,10718
2022,Yalova,1474,1370
2022,Yozgat,2267,2112
2022,Zonguldak,2235,2137
2022,Çanakkale,2350,2243
2022,Çankırı,1039,926
2022,Çorum,2475,2392
2022,İstanbul,87703,83195
2022,İzmir,21439,20425
2022,Şanlıurfa,30314,28899
2022,Şırnak,6681,6467
2023,Adana,13732,13236
2023,Adıyaman,4355,4237
2023,Afyonkarahisar,4212,3924
2023,Aksaray,2778,2693
2023,Amasya,1465,1366
2023,Ankara,27900,26364
2023,Antalya,13178,12590
2023,Ardahan,494,449
2023,Artvin,720,690
2023,Aydın,5436,5271
2023,Ağrı,4679,4352
2023,Balıkesir,5349,5087
2023,Bartın,739,740
2023,Batman,5840,5722
2023,Bayburt,428,419
2023,Bilecik,1118,1097
2023,Bingöl,2007,1859
2023,Bitlis,3352,3091
2023,Bolu,1416,1338
2023,Burdur,1221,1237
2023,Bursa,17092,15848
2023,Denizli,5246,5078
2023,Diyarbakır,16591,15928
2023,Düzce,2112,2081
2023,Edirne,1716,1628
2023,Elazığ,3213,2999
2023,Erzincan,1214,1183
2023,Erzurum,5044,4706
2023,Eskişehir,4081,3725
2023,Gaziantep,17986,17166
2023,Giresun,1917,1696
2023,Gümüşhane,643,634
2023,Hakkari,2340,2208
2023,Hatay,10395,9661
2023,Isparta,2047,2026
2023,Iğdır,1490,1367
2023,Kahramanmaraş,7255,6815
2023,Karabük,996,931
2023,Karaman,1488,1378
2023,Kars,1843,1789
2023,Kastamonu,1544,1464
2023,Kayseri,7848,7534
2023,Kilis,1263,1211
2023,Kocaeli,12533,11789
2023,Konya,14487,13746
2023,Kütahya,2400,2235
2023,Kırklareli,1532,1509
2023,Kırıkkale,1184,1173
2023,Kırşehir,1160,1041
2023,Malatya,3892,3590
2023,Manisa,7950,7510
2023,Mardin,8792,8182
2023,Mersin,10676,10196
2023,Muğla,4566,4363
2023,Muş,3618,3583
2023,Nevşehir,1657,1558
2023,Niğde,2173,2026
2023,Ordu,3389,3230
2023,Osmaniye,3570,3333
2023,Rize,1682,1571
2023,Sakarya,6275,5860
2023,Samsun,6418,6131
2023,Siirt,3122,3021
2023,Sinop,897,845
2023,Sivas,3278,2995
2023,Tekirdağ,6263,6043
2023,Tokat,2756,2595
2023,Trabzon,3985,3774
2023,Tunceli,412,372
2023,Uşak,1757,1682
2023,Van,9742,9572
2023,Yalova,1405,1336
2023,Yozgat,2041,1960
2023,Zonguldak,2078,2020
2023,Çanakkale,2419,2236
2023,Çankırı,972,900
2023,Çorum,2260,2155
2023,İstanbul,80195,76513
2023,İzmir,19825,18916
2023,Şanlıurfa,27825,26627
2023,Şırnak,6392,6041
2018,Adana,18035,17352
2018,Adıyaman,6472,6094
2018,Afyonkarahisar,5192,4883
2018,Aksaray,3433,3281
2018,Amasya,1922,1742
2018,Ankara,37428,35842
2018,Antalya,16595,15873
2018,Ardahan,662,657
2018,Artvin,938,905
2018,Aydın,6920,6505
2018,Ağrı,6987,6768
2018,Balıkesir,6489,6120
2018,Bartın,1000,965
2018,Batman,7144,6882
2018,Bayburt,548,557
2018,Bilecik,1353,1275
2018,Bingöl,2825,2712
2018,Bitlis,4322,4107
2018,Bolu,1786,1590
2018,Burdur,1443,1307
2018,Bursa,21687,20702
2018,Denizli,6550,6303
2018,Diyarbakır,21543,20241
2018,Düzce,2694,2503
2018,Edirne,1997,1913
2018,Elazığ,4319,4065
2018,Erzincan,1460,1411
2018,Erzurum,6951,6617
2018,Eskişehir,5019,4783
2018,Gaziantep,23365,22023
2018,Giresun,2307,2141
2018,Gümüşhane,924,771
2018,Hakkari,2837,2677
2018,Hatay,14791,14029
2018,Isparta,2530,2428
2018,Iğdır,2021,2035
2018,Kahramanmaraş,10216,9880
2018,Karabük,1263,1196
2018,Karaman,1852,1715
2018,Kars,2696,2562
2018,Kastamonu,1962,1797
2018,Kayseri,10634,10143
2018,Kilis,1532,1412
2018,Kocaeli,15773,15032
2018,Konya,17700,16897
2018,Kütahya,3160,2933
2018,Kırklareli,1852,1730
2018,Kırıkkale,1621,1570
2018,Kırşehir,1495,1426
2018,Malatya,5855,5349
2018,Manisa,9435,9035
2018,Mardin,10608,10037
2018,Mersin,13786,12965
2018,Muğla,5638,5220
2018,Muş,5436,5085
2018,Nevşehir,2025,1883
2018,Niğde,2681,2610
2018,Ordu,4427,4212
2018,Osmaniye,4400,4151
2018,Rize,2135,2021
2018,Sakarya,7590,7190
2018,Samsun,8503,8119
2018,Siirt,4145,3961
2018,Sinop,1119,1064
2018,Sivas,4260,4025
2018,Tekirdağ,7633,7338
2018,Tokat,3497,3305
2018,Trabzon,5191,5052
2018,Tunceli,544,456
2018,Uşak,2237,2024
2018,Van,13971,13344
2018,Yalova,1674,1546
2018,Yozgat,2825,2657
2018,Zonguldak,2986,2850
2018,Çanakkale,2806,2729
2018,Çankırı,1180,1085
2018,Çorum,3203,2961
2018,İstanbul,114836,108387
2018,İzmir,26399,25218
2018,Şanlıurfa,32682,30786
2018,Şırnak,7250,6852
2019,Adana,17157,16209
2019,Adıyaman,5985,5933
2019,Afyonkarahisar,5059,4734
2019,Aksaray,3237,3124
2019,Amasya,1788,1730
2019,Ankara,35218,33466
2019,Antalya,15874,14891
2019,Ardahan,676,617
2019,Artvin,941,858
2019,Aydın,6482,6196
2019,Ağrı,6886,6580
2019,Balıkesir,6071,5837
2019,Bartın,956,927
2019,Batman,6864,6562
2019,Bayburt,545,498
2019,Bilecik,1246,1280
2019,Bingöl,2740,2599
2019,Bitlis,4211,3954
2019,Bolu,1711,1558
2019,Burdur,1325,1346
2019,Bursa,20601,19368
2019,Denizli,6154,5891
2019,Diyarbakır,20283,19588
2019,Düzce,2591,2492
2019,Edirne,1911,1728
2019,Elazığ,4126,3880
2019,Erzincan,1461,1392
2019,Erzurum,6513,6467
2019,Eskişehir,4716,4503
2019,Gaziantep,21631,20688
2019,Giresun,2174,2091
2019,Gümüşhane,871,836
2019,Hakkari,2912,2554
2019,Hatay,14271,13499
2019,Isparta,2372,2400
2019,Iğdır,2019,1918
2019,Kahramanmaraş,9719,9146
2019,Karabük,1200,1146
2019,Karaman,1742,1691
2019,Kars,2576,2503
2019,Kastamonu,1846,1725
2019,Kayseri,10072,9492
2019,Kilis,1465,1340
2019,Kocaeli,14967,14154
2019,Konya,16750,15856
2019,Kütahya,2931,2816
2019,Kırklareli,1760,1681
2019,Kırıkkale,1610,1478
2019,Kırşehir,1475,1368
2019,Malatya,5458,5137
2019,Manisa,9106,8484
2019,Mardin,10282,9866
2019,Mersin,12641,11994
2019,Muğla,5270,5011
2019,Muş,5279,5041
2019,Nevşehir,1917,1795
2019,Niğde,2606,2524
2019,Ordu,4414,3937
2019,Osmaniye,4237,4084
2019,Rize,2049,1875
2019,Sakarya,7126,6735
2019,Samsun,8069,7650
2019,Siirt,3971,3658
2019,Sinop,1133,1071
2019,Sivas,4140,3949
2019,Tekirdağ,7182,6809
2019,Tokat,3401,3285
2019,Trabzon,4921,4691
2019,Tunceli,501,530
2019,Uşak,2090,1928
2019,Van,13721,13174
2019,Yalova,1507,1618
2019,Yozgat,2623,2519
2019,Zonguldak,2881,2613
2019,Çanakkale,2682,2530
2019,Çankırı,1143,1135
2019,Çorum,2917,3013
2019,İstanbul,106999,101686
2019,İzmir,24621,23425
2019,Şanlıurfa,31169,29895
2019,Şırnak,7037,6673
2020,Adana,15825,15086
2020,Adıyaman,5685,5376
2020,Afyonkarahisar,4789,4499
2020,Aksaray,3167,3003
2020,Amasya,1648,1561
2020,Ankara,32801,31006
2020,Antalya,15113,14439
2020,Ardahan,624,565
2020,Artvin,934,825
2020,Aydın,6132,5761
2020,Ağrı,6311,6066
2020,Balıkesir,5922,5524
2020,Bartın,927,885
2020,Batman,6676,6282
2020,Bayburt,496,522
2020,Bilecik,1244,1102
2020,Bingöl,2560,2427
2020,Bitlis,3928,3765
2020,Bolu,1501,1556
2020,Burdur,1288,1206
2020,Bursa,19671,18525
2020,Denizli,5828,5629
2020,Diyarbakır,18966,18040
2020,Düzce,2417,2355
2020,Edirne,1888,1723
2020,Elazığ,3945,3653
2020,Erzincan,1356,1285
2020,Erzurum,6221,5839
2020,Eskişehir,4517,4283
2020,Gaziantep,20594,19806
2020,Giresun,2083,1946
2020,Gümüşhane,805,817
2020,Hakkari,2675,2468
2020,Hatay,13237,12806
2020,Isparta,2317,2158
2020,Iğdır,1830,1754
2020,Kahramanmaraş,9238,8780
2020,Karabük,1104,1082
2020,Karaman,1713,1592
2020,Kars,2482,2250
2020,Kastamonu,1734,1618
2020,Kayseri,9284,8812
2020,Kilis,1357,1346
2020,Kocaeli,13984,13023
2020,Konya,15898,15258
2020,Kütahya,2870,2761
2020,Kırklareli,1757,1590
2020,Kırıkkale,1461,1340
2020,Kırşehir,1332,1275
2020,Malatya,5060,4642
2020,Manisa,8648,8259
2020,Mardin,9790,9218
2020,Mersin,12077,11496
2020,Muğla,5131,4885
2020,Muş,4872,4531
2020,Nevşehir,1941,1713
2020,Niğde,2356,2308
2020,Ordu,4042,3685
2020,Osmaniye,3924,3765
2020,Rize,1874,1811
2020,Sakarya,6732,6290
2020,Samsun,7474,7013
2020,Siirt,3864,3778
2020,Sinop,1066,1022
2020,Sivas,3911,3681
2020,Tekirdağ,6801,6423
2020,Tokat,3078,2959
2020,Trabzon,4623,4272
2020,Tunceli,481,452
2020,Uşak,1951,1847
2020,Van,12543,12106
2020,Yalova,1470,1399
2020,Yozgat,2490,2384
2020,Zonguldak,2565,2475
2020,Çanakkale,2569,2357
2020,Çankırı,1076,1048
2020,Çorum,2849,2625
2020,İstanbul,98754,94103
2020,İzmir,22923,21768
2020,Şanlıurfa,30576,28953
2020,Şırnak,6820,6751
2021,Adana,15520,14469
2021,Adıyaman,5614,5411
2021,Afyonkarahisar,4618,4308
2021,Aksaray,3085,2934
2021,Amasya,1621,1524
2021,Ankara,30951,29263
2021,Antalya,14774,13806
2021,Ardahan,603,616
2021,Artvin,784,752
2021,Aydın,5984,5674
2021,Ağrı,6033,5596
2021,Balıkesir,5604,5271
2021,Bartın,821,823
2021,Batman,6714,6492
2021,Bayburt,510,481
2021,Bilecik,1243,1051
2021,Bingöl,2427,2259
2021,Bitlis,3904,3736
2021,Bolu,1580,1480
2021,Burdur,1244,1195
2021,Bursa,18828,17796
2021,Denizli,5608,5420
2021,Diyarbakır,19058,18173
2021,Düzce,2265,2200
2021,Edirne,1818,1693
2021,Elazığ,3572,3439
2021,Erzincan,1441,1326
2021,Erzurum,5916,5623
2021,Eskişehir,4501,4240
2021,Gaziantep,21024,20002
2021,Giresun,1981,1842
2021,Gümüşhane,763,720
2021,Hakkari,2529,2395
2021,Hatay,13164,12382
2021,Isparta,2181,2210
2021,Iğdır,1771,1728
2021,Kahramanmaraş,8715,8354
2021,Karabük,1142,1121
2021,Karaman,1594,1517
2021,Kars,2275,2128
2021,Kastamonu,1627,1635
2021,Kayseri,9047,8465
2021,Kilis,1395,1324
2021,Kocaeli,13601,12962
2021,Konya,15589,15046
2021,Kütahya,2632,2506
2021,Kırklareli,1619,1478
2021,Kırıkkale,1349,1305
2021,Kırşehir,1244,1195
2021,Malatya,4784,4715
2021,Manisa,8414,7981
2021,Mardin,9929,9596
2021,Mersin,11923,11117
2021,Muğla,4993,4658
2021,Muş,4704,4477
2021,Nevşehir,1860,1720
2021,Niğde,2268,2236
2021,Ordu,3661,3464
2021,Osmaniye,3724,3619
2021,Rize,1824,1768
2021,Sakarya,6667,6405
2021,Samsun,7139,6644
2021,Siirt,3735,3512
2021,Sinop,967,987
2021,Sivas,3628,3529
2021,Tekirdağ,6552,6373
2021,Tokat,2998,2774
2021,Trabzon,4560,4137
2021,Tunceli,466,423
2021,Uşak,1842,1741
2021,Van,11657,11026
2021,Yalova,1512,1415
2021,Yozgat,2365,2187
2021,Zonguldak,2426,2329
2021,Çanakkale,2422,2274
2021,Çankırı,1135,1020
2021,Çorum,2664,2558
2021,İstanbul,92851,88346
2021,İzmir,22386,20990
2021,Şanlıurfa,32013,30255
2021,Şırnak,7029,6827
2022,Adana,15352,14331
2022,Adıyaman,5307,5090
2022,Afyonkarahisar,4440,4234
2022,Aksaray,3122,2848
2022,Amasya,1519,1474
2022,Ankara,29807,28213
2022,Antalya,14104,13100
2022,Ardahan,542,527
2022,Artvin,795,728
2022,Aydın,5816,5518
2022,Ağrı,5325,5141
2022,Balıkesir,5541,5353
2022,Bartın,874,781
2022,Batman,6350,6105
2022,Bayburt,479,417
2022,Bilecik,1108,1142
2022,Bingöl,2196,2043
2022,Bitlis,3696,3475
2022,Bolu,1545,1413
2022,Burdur,1277,1192
2022,Bursa,17980,16890
2022,Denizli,5555,5309
2022,Diyarbakır,18210,17294
2022,Düzce,2257,2161
2022,Edirne,1798,1749
2022,Elazığ,3374,3246
2022,Erzincan,1287,1199
2022,Erzurum,5542,5030
2022,Eskişehir,4304,4120
2022,Gaziantep,20718,19199
2022,Giresun,1895,1862
2022,Gümüşhane,719,714
2022,Hakkari,2494,2360
2022,Hatay,12391,11978
2022,Isparta,2181,2094
2022,Iğdır,1601,1576
2022,Kahramanmaraş,8437,8137
2022,Karabük,1071,1026
2022,Karaman,1619,1427
2022,Kars,2092,1997
2022,Kastamonu,1685,1578
2022,Kayseri,8771,8236
2022,Kilis,1412,1284
2022,Kocaeli,13071,12523
2022,Konya,15407,14636
2022,Kütahya,2565,2416
2022,Kırklareli,1691,1469
2022,Kırıkkale,1317,1202
2022,Kırşehir,1250,1152
2022,Malatya,4664,4500
2022,Manisa,8245,7777
2022,Mardin,9403,9061
2022,Mersin,11579,11047
2022,Muğla,4760,4509
2022,Muş,4267,4011
2022,Nevşehir,1841,1647
2022,Niğde,2300,2161
2022,Ordu,3661,3427
2022,Osmaniye,3951,3641
2022,Rize,1635,1647
2022,Sakarya,6356,5899
2022,Samsun,6826,6424
2022,Siirt,3445,3305
2022,Sinop,992,878
2022,Sivas,3336,3361
2022,Tekirdağ,6591,6122
2022,Tokat,2929,2680
2022,Trabzon,4122,3976
2022,Tunceli,428,403
2022,Uşak,1885,1758
2022,Van,11233,10720
2022,Yalova,1474,1372
2022,Yozgat,2279,2129
2022,Zonguldak,2240,2138
2022,Çanakkale,2352,2243
2022,Çankırı,1039,926
2022,Çorum,2475,2394
2022,İstanbul,87839,83348
2022,İzmir,21459,20441
2022,Şanlıurfa,30338,28922
2022,Şırnak,6690,6481
2023,Adana,13782,13286
2023,Adıyaman,4375,4259
2023,Afyonkarahisar,4232,3937
2023,Aksaray,2818,2714
2023,Amasya,1466,1367
2023,Ankara,27972,26432
2023,Antalya,13240,12645
2023,Ardahan,494,451
2023,Artvin,721,690
2023,Aydın,5446,5279
2023,Ağrı,4691,4367
2023,Balıkesir,5368,5100
2023,Bartın,740,740
2023,Batman,5851,5730
2023,Bayburt,430,419
2023,Bilecik,1123,1101
2023,Bingöl,2013,1867
2023,Bitlis,3356,3096
2023,Bolu,1418,1344
2023,Burdur,1223,1241
2023,Bursa,17149,15904
2023,Denizli,5256,5093
2023,Diyarbakır,16615,15948
2023,Düzce,2115,2083
2023,Edirne,1722,1633
2023,Elazığ,3224,3006
2023,Erzincan,1215,1185
2023,Erzurum,5054,4713
2023,Eskişehir,4093,3733
2023,Gaziantep,18077,17251
2023,Giresun,1924,1701
2023,Gümüşhane,652,645
2023,Hakkari,2364,2236
2023,Hatay,10440,9710
2023,Isparta,2055,2034
2023,Iğdır,1497,1372
2023,Kahramanmaraş,7278,6836
2023,Karabük,998,931
2023,Karaman,1496,1382
2023,Kars,1848,1795
2023,Kastamonu,1544,1464
2023,Kayseri,7865,7568
2023,Kilis,1267,1220
2023,Kocaeli,12561,11813
2023,Konya,14526,13784
2023,Kütahya,2401,2240
2023,Kırklareli,1537,1510
2023,Kırıkkale,1187,1177
2023,Kırşehir,1162,1047
2023,Malatya,3901,3594
2023,Manisa,7962,7518
2023,Mardin,8825,8209
2023,Mersin,10712,10229
2023,Muğla,4576,4375
2023,Muş,3631,3600
2023,Nevşehir,1663,1561
2023,Niğde,2178,2028
2023,Ordu,3394,3235
2023,Osmaniye,3580,3343
2023,Rize,1687,1574
2023,Sakarya,6290,5870
2023,Samsun,6428,6146
2023,Siirt,3125,3031
2023,Sinop,899,847
2023,Sivas,3290,3006
2023,Tekirdağ,6281,6057
2023,Tokat,2760,2600
2023,Trabzon,3989,3781
2023,Tunceli,413,374
2023,Uşak,1761,1689
2023,Van,9753,9585
2023,Yalova,1411,1345
2023,Yozgat,2063,1987
2023,Zonguldak,2085,2024
2023,Çanakkale,2425,2239
2023,Çankırı,973,902
2023,Çorum,2266,2160
2023,İstanbul,80543,76835
2023,İzmir,19892,18972
2023,Şanlıurfa,27904,26751
2023,Şırnak,6412,6067
2024,Adana,13553,12634
2024,Adıyaman,4420,4092
2024,Afyonkarahisar,4015,3701
2024,Aksaray,2764,2560
2024,Amasya,1399,1224
2024,Ankara,26705,25493
2024,Antalya,12706,11756
2024,Ardahan,476,462
2024,Artvin,674,691
2024,Aydın,5276,4962
2024,Ağrı,4443,4330
2024,Balıkesir,5217,4983
2024,Bartın,765,706
2024,Batman,5927,5501
2024,Bayburt,423,398
2024,Bilecik,1109,1075
2024,Bingöl,1902,1816
2024,Bitlis,3312,2965
2024,Bolu,1470,1326
2024,Burdur,1222,1157
2024,Bursa,16465,15536
2024,Denizli,5001,4808
2024,Diyarbakır,16532,15795
2024,Düzce,2123,2062
2024,Edirne,1718,1623
2024,Elazığ,3161,3007
2024,Erzincan,1191,1177
2024,Erzurum,4635,4369
2024,Eskişehir,3781,3559
2024,Gaziantep,18526,17287
2024,Giresun,1801,1665
2024,Gümüşhane,660,638
2024,Hakkari,2210,2080
2024,Hatay,10066,9761
2024,Isparta,1973,1838
2024,Iğdır,1392,1331
2024,Kahramanmaraş,7197,6953
2024,Karabük,998,945
2024,Karaman,1319,1365
2024,Kars,1804,1665
2024,Kastamonu,1506,1553
2024,Kayseri,7845,7481
2024,Kilis,1310,1217
2024,Kocaeli,11965,11431
2024,Konya,13953,13465
2024,Kütahya,2406,2333
2024,Kırklareli,1538,1438
2024,Kırıkkale,1210,1164
2024,Kırşehir,1090,982
2024,Malatya,3816,3622
2024,Manisa,7493,7016
2024,Mardin,8590,8076
2024,Mersin,10540,9899
2024,Muğla,4517,4102
2024,Muş,3675,3412
2024,Nevşehir,1657,1537
2024,Niğde,2128,1963
2024,Ordu,3388,3071
2024,Osmaniye,3500,3463
2024,Rize,1555,1499
2024,Sakarya,5987,5607
2024,Samsun,6386,6174
2024,Siirt,3045,2932
2024,Sinop,876,842
2024,Sivas,3196,2903
2024,Tekirdağ,6196,5939
2024,Tokat,2604,2513
2024,Trabzon,3729,3549
2024,Tunceli,392,371
2024,Uşak,1641,1546
2024,Van,9686,9070
2024,Yalova,1499,1395
2024,Yozgat,2061,1873
2024,Zonguldak,2085,2005
2024,Çanakkale,2220,2195
2024,Çankırı,919,883
2024,Çorum,2202,2066
2024,İstanbul,79391,75159
2024,İzmir,18811,17898
2024,Şanlıurfa,28601,26825
2024,Şırnak,6285,5969
