{
    "İzmir": "red",
    "Van": "purple",
    "Samsun": "peru",
    "Konya": "darkorange",
    "Çorum": "gold",
    "Afyonkarahisar": "darkorange",
    "Sivas": "gold",
    "Diyarbakır": "plum",
    "Gümüşhane": "brown",
    "Mardin": "plum",
    "Muş": "purple",
    "Adıyaman": "gold",
    "Antalya": "tomato",
    "Aydın": "tomato",
    "Edirne": "tomato",
    "Gaziantep": "gold",
    "Hatay": "dodgerblue",
    "Mersin": "dodgerblue",
    "Şanlıurfa":"pink",
    "Tunceli": "cyan",
    "Malatya": "plum",
    "Alparslan": "orange",
    "Göktuğ": "blue",
    "Aras": "Red",
    "Yusuf": "purple",
    "Muhammed": "purple",
    "Atlas": "red",
    "Ömer Asaf": "blue",
    "Eymen": "green",
    "Mustafa": "lightgreen",
    "Mehmet": "orange",
    "Ahmet": "blue",
    "Ali": "cyan",
    "Hüseyin": "cyan",
    "Ayşe": "lightgreen",
    "Elif": "magenta",
    "Zeynep": "orange",
    "Çınar": "red",
    "Defne": "red",
    "Asel": "blue",
    "Kumsal": "cyan",
    "Nehir": "purple",
    "Asya": "cyan",
    "Ecrin": "pink",
    "Ömer Asaf-Zeynep": "blue",
    "Yusuf-Zeynep": "pink",
    "Yiğit": "cyan",
    "Erhan": "purple",
    "Abdülhamid": "purple"
}